;n;m;weiszfeld iter;weiszfeld time;newton iter;newton time;bfgs iter;bfgs time;primal-dual iter;primal-dual time
0;2;100;44;0.004590749740600586;0;0;17;0.005220651626586914;0;0
1;10;100;10;0.0019195079803466797;0;0;42;0.017356157302856445;0;0
2;5;100;16;0.0021293163299560547;0;0;49;0.016857147216796875;0;0
