;weiszfeld obj;weiszfeld n iter;weiszfeld time;weiszfeld iter time;n;m;bfgs obj;bfgs n iter;bfgs time;bfgs iter time;newton obj;newton n iter;newton time;newton iter time
0;0;22.0;0.0009728272755940756;0.0007213751475016276;2;100;0;7.0;0.0011413097381591797;0.0010088284810384114;0;4.333333333333333;0.000993649164835612;0.0008542537689208984
1;0;22.666666666666668;0.001571337381998698;0.001056671142578125;2;200;0;6.0;0.001474459966023763;0.0011541048685709636;0;4.0;0.0016829172770182292;0.0013531843821207683
2;0;14.333333333333334;0.004416704177856445;0.0012009938557942708;2;500;0;5.333333333333333;0.00453941027323405;0.0012505849202473958;0;3.0;0.004882097244262695;0.0015335877736409504
3;0;12.333333333333334;0.000993490219116211;0.0006850560506184896;5;100;0;8.0;0.0014658768971761067;0.0013055801391601562;0;6.0;0.001739819844563802;0.0015277862548828125
4;0;11.666666666666666;0.0010266304016113281;0.0005981922149658203;5;200;0;11.0;0.002383550008138021;0.002061764399210612;0;5.666666666666667;0.0022069613138834634;0.001894235610961914
5;0;11.333333333333334;0.004316488901774089;0.0010293324788411458;5;500;0;16.0;0.008392016092936197;0.004301706949869792;0;4.666666666666667;0.006737311681111653;0.0034079551696777344
